macro_f1,avg_precision,pr_auc,threshold,fold
0.3708400940428491,0.5442961583152665,0.5400959035639996,0.5081159472465515,1
0.41947625275110845,0.501993428924835,0.49721779306919434,0.5076733231544495,2
0.3489714419946978,0.4940490328328042,0.4861191177837384,0.5072787404060364,3
0.33774834437086093,0.5463255555129412,0.541365619829733,0.4996452331542969,4
0.33774834437086093,0.5401029535033592,0.5349316830577802,0.4966346323490143,5
0.36295689550607546,0.5253534258178412,0.519946023460889,0.5038695752620697,mean
