{
  "n_splits": 5,
  "mean_macro_f1": 0.36295689550607546,
  "mean_avg_precision": 0.5253534258178412,
  "mean_pr_auc": 0.519946023460889,
  "n_nodes": 1000,
  "fold_thresholds": [
    0.5081159472465515,
    0.5076733231544495,
    0.5072787404060364,
    0.4996452331542969,
    0.4966346323490143
  ]
}