{
  "n_splits": 10,
  "mean_macro_f1": 0.7295724622337298,
  "mean_recall": 0.729212935130256,
  "mean_precision": 0.6326950544472154,
  "mean_roc_auc": 0.7277760632982082,
  "mean_avg_precision": 0.5872136072419467,
  "mean_pr_auc": 0.5796394387119143,
  "n_nodes": 4680
}