{
  "bert": {
    "mean_macro_f1": 0.6632955194897668,
    "mean_recall": 0.5847620272668301,
    "mean_precision": 0.4684511615126645,
    "mean_roc_auc": 0.7118153015527992,
    "mean_avg_precision": 0.47078943771761006,
    "mean_pr_auc": 0.47011672225943224
  },
  "gat": {
    "mean_macro_f1": 0.30408367855548496,
    "mean_recall": 0.9903498759610084,
    "mean_precision": 0.39909624608752786,
    "mean_roc_auc": 0.49100688679386384,
    "mean_avg_precision": 0.3947017114949544,
    "mean_pr_auc": 0.3934988659225921
  },
  "fusion": {
    "mean_macro_f1": 0.7239666433355209,
    "mean_recall": 0.745116851791659,
    "mean_precision": 0.6354400924055075,
    "mean_roc_auc": 0.7382500251841582,
    "mean_avg_precision": 0.6168632151783449,
    "mean_pr_auc": 0.6157726790542396
  },
  "meta": {
    "n_splits": 10,
    "n_nodes": 47164,
    "epochs": 40
  }
}