{
  "n_splits": 10,
  "mean_macro_f1": 0.7475284099050092,
  "mean_recall": 0.786168684529316,
  "mean_precision": 0.6728002088850651,
  "mean_roc_auc": 0.8017430773470755,
  "mean_avg_precision": 0.7546758499061139,
  "mean_pr_auc": 0.7546521422463837,
  "n_nodes": 392740
}